visit,terminal_root_cause,denial_journey,anomaly_flags,journey_length,narrative
507200192827,RESOLVED_WRITEOFF,"UNDERPAYMENT,ADDITIONAL_DOCUMENTATION_NEEDED,RESOLVED_WRITEOFF","AGED_OPEN,ADJUSTMENT_REVERSAL_NOISE",3,"A $61,014 claim was underpaid by $4,136 after Health Choice paid $18,144 against an expected $22,400; an appeal with medical records was submitted in September 2024 and remained under review for over 6 months before a final $4,136 write-off adjustment was posted in April 2025."
507200193323,RESOLVED_WRITEOFF,"BUNDLED_DENIAL,ADDITIONAL_DOCUMENTATION_NEEDED,RESOLVED_WRITEOFF","EOB_DATA_INTEGRITY,AGED_OPEN",3,"Claim for $1,752.96 was denied as bundled (CO-234 and CO-97) and required medical records; after 9 months with no payment received, a $817.20 adjustment was posted, leaving a $0 balance via write-off."
507200193339,AWAITING_RESPONSE,"UNCLEAR_NOTE,AWAITING_RESPONSE","AGED_OPEN,NO_HUMAN_TOUCH",2,"A claim originally denied in September 2024 for Collector Review was rebilled to Medicare in April 2025 after referral form retrieval, but has been stuck in NPI analyst review since July 2025 with repetitive deferred notes and no resolution for over 8 months."
507200193806,RESOLVED_PAID,"AWAITING_RESPONSE,RESOLVED_PAID",,2,"Claim for $2,344.54 charged on 06/07/2024 to Global Health was pending EOB posting as of mid-June; full payment of $2,344.54 was received on 06/26/2024, resolving the account."
507200194449,AWAITING_RESPONSE,AWAITING_RESPONSE,"AGED_OPEN,NO_HUMAN_TOUCH",1,"Charges of $1,856.00 were posted on 2024-05-13 with no subsequent payment, denial, or biller action recorded, leaving the claim pending for over 120 days without human intervention."
507200194677,RESOLVED_PAID,"AWAITING_RESPONSE,RESOLVED_PAID",,2,"Claim was initially not found on file with the payor; after resubmission to the correct address, payment of $4,255.54 was received in full."
507200195634,RESOLVED_WRITEOFF,"UNDERPAYMENT,RESOLVED_WRITEOFF",ADJUSTMENT_REVERSAL_NOISE,2,"Claim for $4,399.76 was paid at $2,711.01; biller pursued underpayment appeal through July–September 2024, but payor upheld the original payment as correct, and the remaining $1,398.13 balance was written off in April 2025."
507200195668,REGISTRATION_ELIGIBILITY,REGISTRATION_ELIGIBILITY,MASS_REGELIG_DENIAL,1,"Multiple CPT lines from the same date of service were denied on 2024-06-14 with Registration/Eligibility as the reason, followed by new charges posted a week later, suggesting a batch eligibility verification failure that was never resolved."
507200195672,RESOLVED_PAID,RESOLVED_PAID,,1,"Claim for $2,655.02 was charged on 2024-05-24, reprocessed by OHCA, and paid in full on 2024-06-05 after biller confirmed payment posting."
507200196243,RESOLVED_PAID,"AWAITING_RESPONSE,RESOLVED_PAID",,2,"Claim was initially not found on file with the payor; after verification of active member eligibility and correction of the payor address, a hardcopy was mailed on 06/28/2024 and full payment of $1,723.80 was received on 08/08/2024."
